<?xml version="1.0" encoding="UTF-8"?>
<project-private xmlns="http://www.netbeans.org/ns/project-private/1">
    <open-files xmlns="http://www.netbeans.org/ns/projectui-open-files/2">
        <group>
            <file>file:/C:/Users/mboni/Documents/NetBeansProjects/-22RP01832/web/WEB-INF/web.xml</file>
            <file>file:/C:/Users/mboni/Documents/NetBeansProjects/-22RP01832/src/java/ClearCartServlet.java</file>
            <file>file:/C:/Users/mboni/Documents/NetBeansProjects/-22RP01832/web/add-item.html</file>
            <file>file:/C:/Users/mboni/Documents/NetBeansProjects/-22RP01832/web/view-cart.html</file>
            <file>file:/C:/Users/mboni/Documents/NetBeansProjects/-22RP01832/web/clear-cart.html</file>
            <file>file:/C:/Users/mboni/Documents/NetBeansProjects/-22RP01832/web/index.html</file>
            <file>file:/C:/Users/mboni/Documents/NetBeansProjects/-22RP01832/src/java/RemoveItemServlet.java</file>
            <file>file:/C:/Users/mboni/Documents/NetBeansProjects/-22RP01832/src/java/AddItemServlet.java</file>
            <file>file:/C:/Users/mboni/Documents/NetBeansProjects/-22RP01832/src/java/ViewCartServlet.java</file>
            <file>file:/C:/Users/mboni/Documents/NetBeansProjects/-22RP01832/web/remove-item.html</file>
        </group>
    </open-files>
</project-private>
